Model,Metric,Mean,Std,Median,CI_Lower,CI_Upper
BERT,accuracy,0.9701199999999999,0.009706071410319532,0.97,0.95,0.9866666666666667
BERT,precision,0.9661224973757163,0.014743374456687528,0.9667770419426049,0.9328859060402684,0.9931995617038761
BERT,recall,0.9733688074716108,0.013265525060267996,0.9736842105263158,0.9444347319347319,1.0
BERT,f1,0.9696284220772535,0.009865288444101478,0.9698996655518395,0.949038607856351,0.9869281045751634
