Model,Mean,Std,Min,Max,Fold_Scores
BERT,0.9659999999999999,0.008602325267042634,0.95,0.975,"[0.97, 0.97, 0.95, 0.965, 0.975]"
