Model,Accuracy,Precision,Recall,F1_Score
BERT,0.9633333333333334,0.9594594594594594,0.9659863945578231,0.9627118644067797
Regex,0.5366666666666666,1.0,0.05442176870748299,0.1032258064516129
Ensemble,0.9633333333333334,0.9594594594594594,0.9659863945578231,0.9627118644067797
Best_Weighted,0.9633333333333334,0.9594594594594594,0.9659863945578231,0.9627118644067797
XGBoost_Meta,0.9633333333333334,0.9594594594594594,0.9659863945578231,0.9627118644067797
