,BERT,Regex,Ensemble
BERT,1.0,0.16774303791175285,1.0
Regex,0.16774303791175285,1.0,0.16774303791175285
Ensemble,1.0,0.16774303791175285,1.0
