Model,Metric,Mean,Std,Min,Max,Individual_Values
BERT,accuracy,0.9726666666666667,0.0057348835113617365,0.9666666666666667,0.9833333333333333,"[0.97, 0.9733333333333334, 0.97, 0.9833333333333333, 0.9666666666666667]"
BERT,precision,0.9821097974090828,0.014048789724414496,0.9652777777777778,1.0,"[0.9662162162162162, 0.9927536231884058, 0.9863013698630136, 1.0, 0.9652777777777778]"
BERT,recall,0.9614253886794606,0.007900117862578776,0.9513888888888888,0.9727891156462585,"[0.9727891156462585, 0.9513888888888888, 0.9536423841059603, 0.9640287769784173, 0.9652777777777778]"
BERT,f1,0.9715564920514433,0.0054724043686983775,0.9652777777777778,0.9816849816849816,"[0.9694915254237289, 0.9716312056737588, 0.9696969696969697, 0.9816849816849816, 0.9652777777777778]"
